{
    "surround": {
        "stops": [
            {
                "position": 0.0,
                "values": {
                    "B1": 0.0,
                    "B2": 0.0,
                    "B3": 0.0,
                    "G1": 11.739192962646484,
                    "G2": 11.993874549865723,
                    "G3": 18.033184051513672,
                    "G4": 0.0,
                    "Z1": 41.86722183227539,
                    "Z2": 16.366525650024414,
                    "Z3": 0.0,
                    "Z4": 0.0
                }
            },
            {
                "position": 0.45008460998535155,
                "values": {
                    "B1": 0.0,
                    "B2": 0.0,
                    "B3": 0.0,
                    "G1": 37.79206085205078,
                    "G2": 39.37691879272461,
                    "G3": 22.831018447875977,
                    "G4": 0.0,
                    "Z1": 0.0,
                    "Z2": 0.0,
                    "Z3": 0.0,
                    "Z4": 0.0
                }
            },
            {
                "position": 1.0,
                "values": {
                    "B1": 36.357147216796875,
                    "B2": 26.54053497314453,
                    "B3": 27.566226959228516,
                    "G1": 1.5743645429611206,
                    "G2": 2.9907329082489014,
                    "G3": 4.970991134643555,
                    "G4": 0.0,
                    "Z1": 0.0,
                    "Z2": 0.0,
                    "Z3": 0.0,
                    "Z4": 0.0
                }
            }
        ]
    }
}
