{
    "floor": {
        "stops": [
            {
                "position": 0.0,
                "values": {
                    "B1": 0.0,
                    "B2": 0.0,
                    "B3": 0.0,
                    "G1": 0.0,
                    "G2": 0.0,
                    "G3": 0.0,
                    "G4": 0.0,
                    "Z1": 0.0,
                    "Z2": 0.0,
                    "Z3": 0.0,
                    "Z4": 0.0,
                    "__": 100.0
                }
            },
            {
                "position": 0.5,
                "values": {
                    "B1": 0.0,
                    "B2": 0.0,
                    "B3": 0.0,
                    "G1": 0.0,
                    "G2": 0.0,
                    "G3": 0.0,
                    "G4": 0.0,
                    "Z1": 20.0,
                    "Z2": 0.0,
                    "Z3": 0.0,
                    "Z4": 0.0,
                    "__": 80.0
                }
            },
            {
                "position": 1.0,
                "values": {
                    "B1": 0.0,
                    "B2": 0.0,
                    "B3": 0.0,
                    "G1": 0.0,
                    "G2": 0.0,
                    "G3": 0.0,
                    "G4": 0.0,
                    "Z1": 80.0,
                    "Z2": 0.0,
                    "Z3": 0.0,
                    "Z4": 0.0,
                    "__": 20.0
                }
            }
        ]
    },
    "surround": {
        "stops": [
            {
                "position": 0.0,
                "values": {
                    "B1": 0.0,
                    "B2": 0.0,
                    "B3": 0.0,
                    "G1": 11.739192962646484,
                    "G2": 11.993874549865723,
                    "G3": 18.033184051513672,
                    "G4": 0.0,
                    "Z1": 41.86722183227539,
                    "Z2": 16.366525650024414,
                    "Z3": 0.0,
                    "Z4": 0.0
                }
            },
            {
                "position": 0.45008460998535155,
                "values": {
                    "B1": 0.0,
                    "B2": 0.0,
                    "B3": 0.0,
                    "G1": 37.79206085205078,
                    "G2": 39.37691879272461,
                    "G3": 22.831018447875977,
                    "G4": 0.0,
                    "Z1": 0.0,
                    "Z2": 0.0,
                    "Z3": 0.0,
                    "Z4": 0.0
                }
            },
            {
                "position": 1.0,
                "values": {
                    "B1": 28.0,
                    "B2": 34.72760772705078,
                    "B3": 27.692594528198242,
                    "G1": 1.5815808773040771,
                    "G2": 3.0044398307800293,
                    "G3": 4.993775367736816,
                    "G4": 0.0,
                    "Z1": 0.0,
                    "Z2": 0.0,
                    "Z3": 0.0,
                    "Z4": 0.0
                }
            }
        ]
    }
}
